date,sales,onpromotion
2013-01-01,2511.618999,0
2013-01-02,412649.417944,0
2013-01-03,320308.231124,0
2013-01-04,325602.6770927,0
2013-01-05,398905.121229,0
2013-01-06,411764.401088,0
2013-01-07,314297.801066,0
2013-01-08,295725.777981,0
2013-01-09,289395.80901799997,0
2013-01-10,257110.003049,0
2013-01-11,286406.6850845,0
2013-01-12,348918.2120105,0
2013-01-13,388666.547998,0
2013-01-14,289851.362078,0
2013-01-15,287542.827954,0
2013-01-16,293790.913946,0
2013-01-17,261933.5159755,0
2013-01-18,289101.850028,0
2013-01-19,366946.852021,0
2013-01-20,377105.386047,0
2013-01-21,296066.26595000003,0
2013-01-22,268900.728983,0
2013-01-23,277309.4530325,0
2013-01-24,239740.690995,0
2013-01-25,279417.77193,0
2013-01-26,354102.7679753,0
2013-01-27,363407.991233,0
2013-01-28,272653.169953,0
2013-01-29,242909.8180765,0
2013-01-30,269297.127052,0
2013-01-31,258683.217996,0
2013-02-01,330195.055266,0
2013-02-02,418842.462705,0
2013-02-03,381607.82018,0
2013-02-04,301753.715017,0
2013-02-05,296115.83913,0
2013-02-06,286882.049149,0
2013-02-07,273372.530973,0
2013-02-08,323388.789912,0
2013-02-09,361862.2790747,0
2013-02-10,270372.328993,0
2013-02-11,254738.588926,0
2013-02-12,261026.7909121,0
2013-02-13,297996.929962,0
2013-02-14,263836.016957,0
2013-02-15,289705.883912,0
2013-02-16,398932.494008,0
2013-02-17,326000.910014,0
2013-02-18,294496.573191,0
2013-02-19,267523.801951,0
2013-02-20,286415.162034,0
2013-02-21,252650.1090155,0
2013-02-22,265482.897131,0
2013-02-23,343076.349113,0
2013-02-24,355472.126103,0
2013-02-25,279015.875933,0
2013-02-26,245999.0070675,0
2013-02-27,266381.998919,0
2013-02-28,260211.291888,0
2013-03-01,323780.165064,0
2013-03-02,425523.205258,0
2013-03-03,424942.580027,0
2013-03-04,320520.679097,0
2013-03-05,284743.714189,0
2013-03-06,292613.835968,0
2013-03-07,265269.52701,0
2013-03-08,280485.679967,0
2013-03-09,362524.496866,0
2013-03-10,349407.756153,0
2013-03-11,291737.133021,0
2013-03-12,246204.47801,0
2013-03-13,253965.882972,0
2013-03-14,226227.420096,0
2013-03-15,272805.090213,0
2013-03-16,386544.433961,0
2013-03-17,400167.584913,0
2013-03-18,294315.419031,0
2013-03-19,270867.245897,0
2013-03-20,270198.006946,0
2013-03-21,246046.127953,0
2013-03-22,280748.453969,0
2013-03-23,371693.003086,0
2013-03-24,360252.636951,0
2013-03-25,275427.6099585,0
2013-03-26,243539.2359,0
2013-03-27,278150.148998,0
2013-03-28,302139.269022,0
2013-03-29,293984.132,0
2013-03-30,355240.356036,0
2013-03-31,346474.639956,0
2013-04-01,340173.447912,0
2013-04-02,289299.827961,0
2013-04-03,303559.0758793,0
2013-04-04,264228.621963,0
2013-04-05,281525.782031,0
2013-04-06,392155.214023,0
2013-04-07,393323.376884,0
2013-04-08,286536.815943,0
2013-04-09,265184.7999627,0
2013-04-10,276444.374941,0
2013-04-11,250801.41301,0
2013-04-12,280897.967035,0
2013-04-13,353708.497048,0
2013-04-14,353010.148813,0
2013-04-15,298383.458055,0
2013-04-16,264139.618049,0
2013-04-17,272176.518942,0
2013-04-18,245609.509951,0
2013-04-19,272423.70494,0
2013-04-20,356949.838043,0
2013-04-21,362689.032087,0
2013-04-22,277547.173986,0
2013-04-23,248540.8329435,0
2013-04-24,268387.067925,0
2013-04-25,232815.618996,0
2013-04-26,268134.556952,0
2013-04-27,352982.661892,0
2013-04-28,364023.4729303,0
2013-04-29,276911.874018,0
2013-04-30,266007.466894,0
2013-05-01,361206.636889,0
2013-05-02,292389.460063,0
2013-05-03,286789.0400323,0
2013-05-04,405377.51596499997,0
2013-05-05,431632.550981,0
2013-05-06,269994.179046,0
2013-05-07,248051.964148,0
2013-05-08,275247.410968,0
2013-05-09,253035.563023,0
2013-05-10,282234.441949,0
2013-05-11,416993.58108,0
2013-05-12,327089.5050145,0
2013-05-13,302621.06187,0
2013-05-14,257646.313119,0
2013-05-15,272398.560081,0
2013-05-16,255423.946937,0
2013-05-17,258897.484998,0
2013-05-18,374030.558942,0
2013-05-19,394369.554009,0
2013-05-20,285850.214991,0
2013-05-21,254102.399952,0
2013-05-22,245781.4831075,0
2013-05-23,232724.058026,0
2013-05-24,331600.941982,0
2013-05-25,340147.141993,0
2013-05-26,349683.400068,0
2013-05-27,267097.5189235,0
2013-05-28,273158.1680565,0
2013-05-29,249587.380899,0
2013-05-30,257921.849939,0
2013-05-31,264585.841975,0
2013-06-01,438583.81498799997,0
2013-06-02,446339.494958,0
2013-06-03,310224.650995,0
2013-06-04,279853.160085,0
2013-06-05,281296.080915,0
2013-06-06,256517.765891,0
2013-06-07,282957.087977,0
2013-06-08,358838.699096,0
2013-06-09,394492.730256,0
2013-06-10,270643.291978,0
2013-06-11,235355.2159925,0
2013-06-12,263690.5779987,0
2013-06-13,243351.6030452,0
2013-06-14,271784.7421072,0
2013-06-15,386763.6668701,0
2013-06-16,336674.082881,0
2013-06-17,304652.271024,0
2013-06-18,255465.3299215,0
2013-06-19,247320.257977,0
2013-06-20,239259.944015,0
2013-06-21,264292.6870265,0
2013-06-22,360636.312096,0
2013-06-23,379310.845142,0
2013-06-24,270467.9060383,0
2013-06-25,263851.530064,0
2013-06-26,251342.5559636,0
2013-06-27,223937.458966,0
2013-06-28,257370.971803,0
2013-06-29,386893.108146,0
2013-06-30,400034.693027,0
2013-07-01,343242.3880965,0
2013-07-02,274179.38408,0
2013-07-03,277783.429949,0
2013-07-04,270730.152028,0
2013-07-05,275285.500074,0
2013-07-06,356237.493924,0
2013-07-07,367489.073078,0
2013-07-08,268515.995017,0
2013-07-09,237568.1449993,0
2013-07-10,243702.886071,0
2013-07-11,236608.931023,0
2013-07-12,238422.921133,0
2013-07-13,341996.1022205,0
2013-07-14,330630.417857,0
2013-07-15,271215.0469486,0
2013-07-16,257523.013006,0
2013-07-17,256882.8180255,0
2013-07-18,226050.8739522,0
2013-07-19,245001.555049,0
2013-07-20,338655.731013,0
2013-07-21,342481.624049,0
2013-07-22,258266.47005,0
2013-07-23,253598.298107,0
2013-07-24,238678.7899995,0
2013-07-25,247422.5179247,0
2013-07-26,254261.692921,0
2013-07-27,341951.5020012,0
2013-07-28,327530.6520873,0
2013-07-29,260234.2850525,0
2013-07-30,260002.989932,0
2013-07-31,276033.363012,0
2013-08-01,289237.4911021,0
2013-08-02,292409.120007,0
2013-08-03,391872.447013,0
2013-08-04,364769.27594,0
2013-08-05,292463.143946,0
2013-08-06,272672.134086,0
2013-08-07,244069.187003,0
2013-08-08,251167.3549315,0
2013-08-09,273279.667868,0
2013-08-10,325386.68609,0
2013-08-11,334181.3230013,0
2013-08-12,264284.224033,0
2013-08-13,250423.331061,0
2013-08-14,243585.580893,0
2013-08-15,248967.17291,0
2013-08-16,282335.2198839,0
2013-08-17,352836.1839167,0
2013-08-18,331942.7730675,0
2013-08-19,269147.52696,0
2013-08-20,272640.63398,0
2013-08-21,247498.489932,0
2013-08-22,250990.26098,0
2013-08-23,265653.369098,0
2013-08-24,320952.154994,0
2013-08-25,344763.093754,0
2013-08-26,261121.5660143,0
2013-08-27,245124.2190185,0
2013-08-28,244810.060993,0
2013-08-29,240332.685943,0
2013-08-30,266339.930947,0
2013-08-31,381498.3811059,0
2013-09-01,434825.221875,0
2013-09-02,319913.987966,0
2013-09-03,277399.420032,0
2013-09-04,280687.48591,0
2013-09-05,260474.113063,0
2013-09-06,247093.247929,0
2013-09-07,390176.247,0
2013-09-08,400399.663091,0
2013-09-09,264283.7070027,0
2013-09-10,237176.4658225,0
2013-09-11,238211.88185,0
2013-09-12,235137.73093700001,0
2013-09-13,249364.942029,0
2013-09-14,348296.004996,0
2013-09-15,367837.217041,0
2013-09-16,269875.547879,0
2013-09-17,265147.949966,0
2013-09-18,229118.877926,0
2013-09-19,223284.372008,0
2013-09-20,247673.8579701,0
2013-09-21,334197.380896,0
2013-09-22,357113.7019007,0
2013-09-23,252487.0340047,0
2013-09-24,223027.392926,0
2013-09-25,241729.184996,0
2013-09-26,211563.8798588,0
2013-09-27,239851.773024,0
2013-09-28,363035.6890081,0
2013-09-29,349133.708946,0
2013-09-30,266477.4500143,0
2013-10-01,307469.872076,0
2013-10-02,294437.6550375,0
2013-10-03,244028.52203,0
2013-10-04,279801.845059,0
2013-10-05,372873.625057,0
2013-10-06,376721.424016,0
2013-10-07,262298.703043,0
2013-10-08,248300.7240121,0
2013-10-09,250447.418957,0
2013-10-10,242765.5530576,0
2013-10-11,297703.849028,0
2013-10-12,289355.1919939,0
2013-10-13,344610.2559686,0
2013-10-14,265501.7209944,0
2013-10-15,225650.569986,0
2013-10-16,260195.963943,0
2013-10-17,233316.409961,0
2013-10-18,235503.476107,0
2013-10-19,332898.570001,0
2013-10-20,381533.5090483,0
2013-10-21,249630.475971,0
2013-10-22,230325.7850828,0
2013-10-23,223125.11598,0
2013-10-24,221419.0800025,0
2013-10-25,229479.7660338,0
2013-10-26,317999.363914,0
2013-10-27,352754.7050689,0
2013-10-28,239783.40296,0
2013-10-29,221207.9969864,0
2013-10-30,215102.0000373,0
2013-10-31,228911.433106,0
2013-11-01,281373.174955,0
2013-11-02,352554.555037,0
2013-11-03,402304.362029,0
2013-11-04,295212.716046,0
2013-11-05,286179.576909,0
2013-11-06,259521.3368195,0
2013-11-07,242626.3400477,0
2013-11-08,273572.978049,0
2013-11-09,349350.02307,0
2013-11-10,416038.410239,0
2013-11-11,259593.890067,0
2013-11-12,248585.748034,0
2013-11-13,231975.7578851,0
2013-11-14,228735.4029707,0
2013-11-15,258341.296052,0
2013-11-16,372536.5881155,0
2013-11-17,407019.228924,0
2013-11-18,278970.551999,0
2013-11-19,253212.6870234,0
2013-11-20,228519.734795,0
2013-11-21,227736.538965,0
2013-11-22,256018.213038,0
2013-11-23,357910.080837,0
2013-11-24,396977.056106,0
2013-11-25,271635.2610102,0
2013-11-26,236670.830024,0
2013-11-27,246456.286026,0
2013-11-28,232754.981947,0
2013-11-29,249895.335165,0
2013-11-30,386940.655801,0
2013-12-01,495979.356989,0
2013-12-02,372277.366984,0
2013-12-03,285463.046973,0
2013-12-04,288316.0459855,0
2013-12-05,243467.804985,0
2013-12-06,318750.755068,0
2013-12-07,396941.947801,0
2013-12-08,435841.895921,0
2013-12-09,280427.3141075,0
2013-12-10,269035.695986,0
2013-12-11,266768.575908,0
2013-12-12,249462.080979,0
2013-12-13,303934.0129787,0
2013-12-14,400950.234024,0
2013-12-15,458986.4108165,0
2013-12-16,350341.290853,0
2013-12-17,329560.7168425,0
2013-12-18,346963.736925,0
2013-12-19,348078.038187,0
2013-12-20,376564.2676365,0
2013-12-21,482270.52474,0
2013-12-22,458483.966867,0
2013-12-23,514908.396427,0
2013-12-24,474702.069732,0
2013-12-25,0.0,0
2013-12-26,349465.4584137,0
2013-12-27,354354.968043,0
2013-12-28,412905.891979,0
2013-12-29,377805.5049237,0
2013-12-30,471823.7358515,0
2013-12-31,407706.1450475,0
2014-01-01,6273.065404,0
2014-01-02,588026.204041,0
2014-01-03,494933.742603,0
2014-01-04,616014.5056039,0
2014-01-05,624078.75794,0
2014-01-06,435592.646009,0
2014-01-07,452323.7568595,0
2014-01-08,435822.693778,0
2014-01-09,393250.415414,0
2014-01-10,429659.617066,0
2014-01-11,548305.992619,0
2014-01-12,542121.334917,0
2014-01-13,445428.1180185,0
2014-01-14,396510.57528499997,0
2014-01-15,401785.107769,0
2014-01-16,395271.201207,0
2014-01-17,420074.445657,0
2014-01-18,534146.5079055,0
2014-01-19,557870.214091,0
2014-01-20,450239.420871,0
2014-01-21,422604.635912,0
2014-01-22,393096.961774,0
2014-01-23,377032.1358597,0
2014-01-24,394891.272256,0
2014-01-25,514068.463053,0
2014-01-26,543936.221862,0
2014-01-27,410461.804711,0
2014-01-28,391414.143798,0
2014-01-29,373118.937222,0
2014-01-30,379567.0317033,0
2014-01-31,440570.614394,0
2014-02-01,465851.19898,0
2014-02-02,435468.802102,0
2014-02-03,326113.2949585,0
2014-02-04,280652.5869763,0
2014-02-05,266840.3059075,0
2014-02-06,243423.101529,0
2014-02-07,268301.568011,0
2014-02-08,374503.059914,0
2014-02-09,373618.2620746,0
2014-02-10,277477.737011,0
2014-02-11,257961.7339877,0
2014-02-12,274557.366972,0
2014-02-13,243389.1925675,0
2014-02-14,279348.4069057,0
2014-02-15,401277.357859,0
2014-02-16,409794.75008,0
2014-02-17,302288.2879535,0
2014-02-18,278047.619942,0
2014-02-19,239394.4930075,0
2014-02-20,224281.9201135,0
2014-02-21,256582.062633,0
2014-02-22,394258.489827,0
2014-02-23,352510.463891,0
2014-02-24,304973.188997,0
2014-02-25,234272.110084,0
2014-02-26,264296.266985,0
2014-02-27,246140.185244,0
2014-02-28,320749.795466,0
2014-03-01,627131.6918707,0
2014-03-02,471866.778988,0
2014-03-03,405850.408886,0
2014-03-04,482095.604096,0
2014-03-05,516749.602125,0
2014-03-06,451371.985339,0
2014-03-07,461070.897178,0
2014-03-08,494226.098001,0
2014-03-09,572454.731984,0
2014-03-10,429411.119974,0
2014-03-11,410764.572063,0
2014-03-12,380030.217832,0
2014-03-13,375489.104554,0
2014-03-14,421896.7464715,0
2014-03-15,512226.544851,0
2014-03-16,579570.696772,0
2014-03-17,448669.249118,0
2014-03-18,413713.07875,0
2014-03-19,393661.973718,0
2014-03-20,400608.373641,0
2014-03-21,397708.871984,0
2014-03-22,497885.334972,0
2014-03-23,517898.578064,0
2014-03-24,409857.888919,0
2014-03-25,423554.7083493,0
2014-03-26,368175.475547,0
2014-03-27,380633.926304,0
2014-03-28,390150.822947,0
2014-03-29,543948.873686,0
2014-03-30,544160.8961415,0
2014-03-31,465695.080461,0
2014-04-01,335114.187001,3
2014-04-02,314215.454107,1
2014-04-03,250428.97541800002,119
2014-04-04,302514.745073,5
2014-04-05,409215.258045,6
2014-04-06,422490.798898,2
2014-04-07,302836.6750178,3
2014-04-08,239080.272105,8
2014-04-09,255602.533012,4
2014-04-10,255252.7571255,119
2014-04-11,266926.845927,14
2014-04-12,379969.913964,10
2014-04-13,357770.931942,11
2014-04-14,257171.866033,8
2014-04-15,228882.381991,45
2014-04-16,279220.084985,45
2014-04-17,283258.120904,455
2014-04-18,286570.885115,37
2014-04-19,349212.222136,34
2014-04-20,319355.0280386,37
2014-04-21,269394.396998,28
2014-04-22,256127.239018,49
2014-04-23,258099.595049,58
2014-04-24,238107.477858,460
2014-04-25,274151.648433,22
2014-04-26,342589.920036,39
2014-04-27,368436.500995,50
2014-04-28,249133.1829815,65
2014-04-29,232490.348031,73
2014-04-30,252324.964912,86
2014-05-01,339080.800064,535
2014-05-02,297156.518212,212
2014-05-03,433867.381971,57
2014-05-04,454677.831883,47
2014-05-05,304213.045071,67
2014-05-06,267250.646086,83
2014-05-07,252412.145945,71
2014-05-08,234679.546217,472
2014-05-09,268958.196055,218
2014-05-10,409397.203997,57
2014-05-11,327815.841937,57
2014-05-12,294991.889006,57
2014-05-13,238996.522978,61
2014-05-14,251576.806985,151
2014-05-15,245224.8296378,534
2014-05-16,247006.595652,1178
2014-05-17,365635.583019,120
2014-05-18,425750.43482829997,117
2014-05-19,267762.258958,103
2014-05-20,261023.33997,154
2014-05-21,265592.047031,186
2014-05-22,253433.482642,1558
2014-05-23,269551.512725,1274
2014-05-24,373537.95170700003,198
2014-05-25,401060.55916,178
2014-05-26,251425.086112,188
2014-05-27,249534.327098,195
2014-05-28,251569.784057,186
2014-05-29,268931.4673325,1580
2014-05-30,281471.7558709,1224
2014-05-31,438707.697989,254
2014-06-01,502512.979236,99
2014-06-02,374996.7559758,177
2014-06-03,313525.925975,198
2014-06-04,315511.905993,228
2014-06-05,271447.307823,1615
2014-06-06,289871.482449,1258
2014-06-07,399214.188024,191
2014-06-08,431378.051957,192
2014-06-09,315230.764041,194
2014-06-10,264843.4229725,197
2014-06-11,289136.48118,246
2014-06-12,261692.82136,1960
2014-06-13,300900.374573,1307
2014-06-14,435299.139944,259
2014-06-15,334939.0709945,244
2014-06-16,328052.23987,330
2014-06-17,292047.036044,374
2014-06-18,295122.6641423,412
2014-06-19,272206.935096,2356
2014-06-20,288022.789547,1929
2014-06-21,403020.855166,296
2014-06-22,419329.2430535,326
2014-06-23,295835.6359765,232
2014-06-24,263939.7450455,264
2014-06-25,276097.978017,336
2014-06-26,266848.853924,2159
2014-06-27,298253.504429,2729
2014-06-28,398551.81398,411
2014-06-29,417231.6710125,283
2014-06-30,324264.9282005,313
2014-07-01,566295.526788,2261
2014-07-02,499269.1351275,3018
2014-07-03,458812.6437922,2331
2014-07-04,445264.79924,3981
2014-07-05,575130.8321677,523
2014-07-06,590366.495759,496
2014-07-07,468855.396909,436
2014-07-08,461678.9255265,2164
2014-07-09,399369.597963,2999
2014-07-10,430545.51698,2441
2014-07-11,413013.028793,4018
2014-07-12,524463.6443005,517
2014-07-13,512280.596849,638
2014-07-14,462928.71314,590
2014-07-15,488842.8128329,2308
2014-07-16,435847.8819885,3156
2014-07-17,404421.8480971,2383
2014-07-18,439257.2070519,4246
2014-07-19,512818.364208,664
2014-07-20,535808.8530457,583
2014-07-21,469728.138008,555
2014-07-22,441936.551011,2268
2014-07-23,420544.640995,3183
2014-07-24,411738.2490115,2412
2014-07-25,464874.608128,4358
2014-07-26,514524.3450267,610
2014-07-27,529466.31262,560
2014-07-28,482125.54329,542
2014-07-29,442922.0780017,2186
2014-07-30,400760.674281,3153
2014-07-31,443552.661194,2302
2014-08-01,401304.5649305,4368
2014-08-02,473242.938869,453
2014-08-03,453831.769888,392
2014-08-04,351801.979022,371
2014-08-05,303956.820176,359
2014-08-06,300846.724941,477
2014-08-07,292026.992989,2287
2014-08-08,319987.5859829,4241
2014-08-09,387614.239084,482
2014-08-10,387430.1220035,507
2014-08-11,319967.092013,470
2014-08-12,288060.682991,467
2014-08-13,295333.653964,570
2014-08-14,280516.8170565,2296
2014-08-15,329541.9950593,4417
2014-08-16,402618.24717,496
2014-08-17,405883.432008,455
2014-08-18,335636.361907,447
2014-08-19,303421.4050773,473
2014-08-20,319069.790988,508
2014-08-21,291429.8749955,2382
2014-08-22,327045.8983235,4448
2014-08-23,393566.826204,588
2014-08-24,410771.6131047,583
2014-08-25,326206.446007,527
2014-08-26,297007.9079745,499
2014-08-27,294432.292077,566
2014-08-28,271972.427,2150
2014-08-29,318587.917062,4214
2014-08-30,442531.822132,410
2014-08-31,464176.660052,413
2014-09-01,580492.985024,594
2014-09-02,539545.440768,2249
2014-09-03,491194.2437375,3099
2014-09-04,469555.1114347,2611
2014-09-05,466181.873921,4717
2014-09-06,594596.5049765,890
2014-09-07,634026.741948,842
2014-09-08,490170.121928,752
2014-09-09,467561.724002,2466
2014-09-10,443481.2787337,3271
2014-09-11,434413.935022,2721
2014-09-12,469141.853851,4605
2014-09-13,558843.254124,928
2014-09-14,606799.4330945,918
2014-09-15,494551.2728885,821
2014-09-16,491907.42701600003,2600
2014-09-17,437245.4852115,3340
2014-09-18,427131.089061,2621
2014-09-19,460204.831909,4501
2014-09-20,545229.563077,810
2014-09-21,599391.049004,868
2014-09-22,478582.187928,749
2014-09-23,464862.269899,2557
2014-09-24,432870.017008,3199
2014-09-25,406384.134076,2468
2014-09-26,424753.468943,4265
2014-09-27,518148.738982,550
2014-09-28,561709.797814,643
2014-09-29,445773.152002,546
2014-09-30,474488.1137257,2236
2014-10-01,528998.185914,3118
2014-10-02,501224.334052,2553
2014-10-03,510532.756098,4402
2014-10-04,598704.23802,631
2014-10-05,608707.171071,551
2014-10-06,504825.900066,546
2014-10-07,475796.5059706,2308
2014-10-08,441540.854059,3287
2014-10-09,448471.940104,2423
2014-10-10,511107.969955,4488
2014-10-11,510030.842739,464
2014-10-12,587186.775714,551
2014-10-13,505251.217815,538
2014-10-14,474339.357294,2330
2014-10-15,448320.873991,3249
2014-10-16,445387.931117,2496
2014-10-17,461217.116999,4447
2014-10-18,563097.846792,729
2014-10-19,601884.754877,689
2014-10-20,489237.145941,566
2014-10-21,452644.722266,2056
2014-10-22,419595.716993,3052
2014-10-23,434361.5632,2491
2014-10-24,437250.702064,4381
2014-10-25,538013.699007,921
2014-10-26,563833.037949,924
2014-10-27,475615.6189285,551
2014-10-28,432242.106505,2301
2014-10-29,406471.5420005,3411
2014-10-30,405130.51616,2330
2014-10-31,447313.5709155,4344
2014-11-01,608855.1678855,845
2014-11-02,480951.0260278,828
2014-11-03,619986.990735,529
2014-11-04,523279.869595,2267
2014-11-05,484605.8500395,3098
2014-11-06,452069.159051,2460
2014-11-07,447069.80193,4254
2014-11-08,529212.135983,740
2014-11-09,586645.224301,839
2014-11-10,444318.952073,497
2014-11-11,427143.593307,2314
2014-11-12,408745.641021,3105
2014-11-13,403391.963823,2413
2014-11-14,430683.531965,4336
2014-11-15,544520.227177,1060
2014-11-16,605730.833127,882
2014-11-17,451351.74505800003,636
2014-11-18,464506.679141,2601
2014-11-19,407983.2909007,3396
2014-11-20,432906.7320447,2740
2014-11-21,438813.215759,4461
2014-11-22,534681.194093,692
2014-11-23,586808.407994,749
2014-11-24,454491.38702,621
2014-11-25,424855.233011,2459
2014-11-26,408417.462002,3264
2014-11-27,411063.653052,2722
2014-11-28,438400.343094,4526
2014-11-29,577340.463136,764
2014-11-30,644446.288592,844
2014-12-01,571946.558974,1141
2014-12-02,546529.7930285,2830
2014-12-03,479122.74323900003,3530
2014-12-04,470315.869004,3084
2014-12-05,479291.309017,4626
2014-12-06,583556.01912,951
2014-12-07,636767.1649,907
2014-12-08,497580.215992,744
2014-12-09,475698.567957,2790
2014-12-10,451923.001973,3682
2014-12-11,454677.933879,3019
2014-12-12,466409.738245,4648
2014-12-13,586652.800829,1043
2014-12-14,630546.7580775,1103
2014-12-15,535501.911791,840
2014-12-16,540608.983179,2771
2014-12-17,489943.901188,3397
2014-12-18,517391.603893,2962
2014-12-19,546773.7588179,4637
2014-12-20,621411.81034,1233
2014-12-21,656100.7042285,1220
2014-12-22,650731.6350193,1255
2014-12-23,662741.174073,2989
2014-12-24,668098.265715,4481
2014-12-25,0.0,0
2014-12-26,610266.442795,5384
2014-12-27,548818.171932,1499
2014-12-28,531695.630071,1568
2014-12-29,540481.167175,1465
2014-12-30,653650.651204,3146
2014-12-31,645083.007874,4362
2015-01-01,12709.61698,12
2015-01-02,483064.217981,4663
2015-01-03,501084.218926,1067
2015-01-04,510079.347022,1004
2015-01-05,436570.78796,926
2015-01-06,385963.741053,901
2015-01-07,400462.850117,1091
2015-01-08,352905.910131,2962
2015-01-09,368075.226073,4613
2015-01-10,440464.90801,854
2015-01-11,494396.8001,882
2015-01-12,373503.544014,968
2015-01-13,334617.675059,1144
2015-01-14,356954.97107,1472
2015-01-15,313290.259942,2575
2015-01-16,347355.9357975,4372
2015-01-17,459921.071007,655
2015-01-18,482813.729991,496
2015-01-19,352787.896919,549
2015-01-20,322443.17622,530
2015-01-21,319067.617067,634
2015-01-22,309741.5390355,2551
2015-01-23,331114.181925,4375
2015-01-24,436500.375003,568
2015-01-25,460720.203015,558
2015-01-26,330502.617966,508
2015-01-27,298794.850046,543
2015-01-28,298633.494035,574
2015-01-29,304520.620973,2672
2015-01-30,351552.5859165,4543
2015-01-31,486112.647834,629
2015-02-01,525679.507951,563
2015-02-02,412697.005974,568
2015-02-03,372994.125928,502
2015-02-04,364725.257059,587
2015-02-05,328771.092944,2534
2015-02-06,361767.54517,4511
2015-02-07,449786.372879,609
2015-02-08,468925.437951,587
2015-02-09,349182.294043,595
2015-02-10,325311.9999177,625
2015-02-11,322718.0980245,670
2015-02-12,332793.142969,2519
2015-02-13,400996.042013,4485
2015-02-14,451159.275099,623
2015-02-15,340884.610834,523
2015-02-16,317424.903983,496
2015-02-17,372946.896093,526
2015-02-18,405148.736967,574
2015-02-19,331445.830914,2498
2015-02-20,369133.388026,4296
2015-02-21,420586.631038,365
2015-02-22,484642.806796,463
2015-02-23,325886.890841,380
2015-02-24,312281.277971,385
2015-02-25,298402.954032,396
2015-02-26,289908.139975,2550
2015-02-27,340012.424914,4391
2015-02-28,452748.75707500003,395
2015-03-01,531232.645924,418
2015-03-02,398557.127999,370
2015-03-03,365438.52683,482
2015-03-04,368241.159167,495
2015-03-05,334493.015059,2583
2015-03-06,360106.339873,4321
2015-03-07,465654.099913,519
2015-03-08,449060.390966,413
2015-03-09,366393.799086,467
2015-03-10,344056.7640763,481
2015-03-11,317515.727075,441
2015-03-12,294808.557054,2551
2015-03-13,342936.501204,4324
2015-03-14,451141.987896,514
2015-03-15,445524.976933,468
2015-03-16,360024.425914,502
2015-03-17,320454.57703,521
2015-03-18,303780.929994,483
2015-03-19,296572.3829895,2649
2015-03-20,347929.711081,4373
2015-03-21,456526.998222,466
2015-03-22,439800.095887,511
2015-03-23,355205.2370045,445
2015-03-24,330629.722015,416
2015-03-25,311246.934916,462
2015-03-26,311077.957001,2666
2015-03-27,345759.608975,4495
2015-03-28,439136.1830575,481
2015-03-29,452144.728163,524
2015-03-30,339966.11197800003,550
2015-03-31,356276.112073,516
2015-04-01,419849.185038,603
2015-04-02,398576.555022,2730
2015-04-03,384828.254948,4492
2015-04-04,468596.12390299997,609
2015-04-05,459765.180136,602
2015-04-06,382746.618963,496
2015-04-07,365166.86898,568
2015-04-08,351490.776006,639
2015-04-09,337329.315935,2753
2015-04-10,364686.338012,4610
2015-04-11,458137.152074,640
2015-04-12,464038.238086,599
2015-04-13,375379.756048,593
2015-04-14,322893.898979,613
2015-04-15,353826.863965,643
2015-04-16,356519.193957,3229
2015-04-17,363234.236748,4887
2015-04-18,479820.58471,1044
2015-04-19,472517.529159,1032
2015-04-20,379184.780966,986
2015-04-21,355926.258035,976
2015-04-22,351634.040059,1108
2015-04-23,339926.197002,3218
2015-04-24,366693.507963,5101
2015-04-25,445438.493939,956
2015-04-26,457316.405988,936
2015-04-27,349609.716087,947
2015-04-28,328430.1850745,1009
2015-04-29,330356.330055,914
2015-04-30,358537.775938,3122
2015-05-01,513270.241095,5300
2015-05-02,515073.447896,1076
2015-05-03,530493.673029,1088
2015-05-04,431349.973953,1056
2015-05-05,400956.187021,1050
2015-05-06,401183.719962,1079
2015-05-07,365819.166939,3231
2015-05-08,391657.22297,4822
2015-05-09,503714.518076,916
2015-05-10,418248.495048,841
2015-05-11,431380.392063,935
2015-05-12,361213.771045,902
2015-05-13,367052.639008,1019
2015-05-14,336123.666087,3074
2015-05-15,380958.236107,4870
2015-05-16,522664.766994,1015
2015-05-17,555638.164143,896
2015-05-18,408415.70498,854
2015-05-19,380146.0500335,900
2015-05-20,382181.311977,1086
2015-05-21,355456.136035,2983
2015-05-22,375760.917031,4670
2015-05-23,470614.9279615,811
2015-05-24,513208.767823,830
2015-05-25,406199.790004,832
2015-05-26,392493.166006,823
2015-05-27,390867.96096,839
2015-05-28,394273.881011,3082
2015-05-29,425367.178038,4917
2015-05-30,585150.841973,814
2015-05-31,611182.99704,825
2015-06-01,588213.9230655,1172
2015-06-02,569326.4468917,3418
2015-06-03,517067.232075,3702
2015-06-04,512087.8071083,3228
2015-06-05,492964.361037,4906
2015-06-06,623819.917141,869
2015-06-07,667889.1968497,843
2015-06-08,527576.07204,805
2015-06-09,501863.4821692,3102
2015-06-10,440898.7409983,3495
2015-06-11,441915.6979275,1335
2015-06-12,464688.616975,6221
2015-06-13,578606.806905,1374
2015-06-14,638486.2518685,2028
2015-06-15,517264.7400587,1339
2015-06-16,529697.389072,3478
2015-06-17,474739.081112,6701
2015-06-18,491950.6501433,1696
2015-06-19,483323.7686609,6463
2015-06-20,641304.532073,1362
2015-06-21,573890.879132,2171
2015-06-22,534352.45695,1428
2015-06-23,511207.994029,3553
2015-06-24,468980.373061,7327
2015-06-25,446020.8688973,1108
2015-06-26,451966.222788,5978
2015-06-27,567024.3541955,1022
2015-06-28,639728.1160657,1821
2015-06-29,487471.513993,891
2015-06-30,524775.362059,2797
2015-07-01,586193.441992,6554
2015-07-02,507210.3410965,1164
2015-07-03,571154.72692,6327
2015-07-04,644546.35394,1022
2015-07-05,644436.9349,1851
2015-07-06,557347.52314,894
2015-07-07,511297.7065315,2844
2015-07-08,507312.15503,6379
2015-07-09,461113.7743965,1099
2015-07-10,498652.460178,6205
2015-07-11,560464.209157,970
2015-07-12,618281.707534,1763
2015-07-13,505249.646874,877
2015-07-14,475255.098023,2758
2015-07-15,483469.555179,6422
2015-07-16,456463.114022,1122
2015-07-17,492138.94714,6248
2015-07-18,566726.119031,939
2015-07-19,602159.545878,1762
2015-07-20,510990.164972,1153
2015-07-21,480970.947977,3020
2015-07-22,453732.986086,6522
2015-07-23,442421.588067,1401
2015-07-24,495609.6339785,6484
2015-07-25,568815.941942,1234
2015-07-26,597026.5922591999,2061
2015-07-27,493447.5042961,1249
2015-07-28,493775.8995523,3298
2015-07-29,453547.31705,7033
2015-07-30,455187.554625,1574
2015-07-31,528029.3429723,6684
2015-08-01,689761.451061,1205
2015-08-02,691103.532018,1961
2015-08-03,570585.95911,1187
2015-08-04,546139.784111,3321
2015-08-05,524247.049,7192
2015-08-06,483271.068759,1439
2015-08-07,515435.5370703,6430
2015-08-08,555759.699997,1196
2015-08-09,503332.771135,2089
2015-08-10,528299.916216,1162
2015-08-11,532576.882956,3249
2015-08-12,485371.9346857,6019
2015-08-13,461520.215954,1385
2015-08-14,480069.912049,6392
2015-08-15,586413.484059,1182
2015-08-16,596082.08703,1963
2015-08-17,512836.487863,1225
2015-08-18,494781.6510527,3169
2015-08-19,465126.9740063,6235
2015-08-20,462682.423073,1421
2015-08-21,512083.834151,6854
2015-08-22,562300.816897,1426
2015-08-23,586473.134429,2190
2015-08-24,513997.8409773,1294
2015-08-25,486470.06705,3374
2015-08-26,458264.5698365,6384
2015-08-27,432511.377054,1375
2015-08-28,470831.0312,6580
2015-08-29,586921.945934,1257
2015-08-30,631025.832858,2068
2015-08-31,540990.0781897,1039
2015-09-01,621912.987952,3348
2015-09-02,590038.497,6236
2015-09-03,529838.167,2068
2015-09-04,564089.126632,7524
2015-09-05,671950.930791,2225
2015-09-06,687394.424011,2964
2015-09-07,573613.5789737001,2193
2015-09-08,546335.401066,4227
2015-09-09,526128.4538935,7281
2015-09-10,489640.058026,2489
2015-09-11,516615.409952,7505
2015-09-12,633821.292013,2258
2015-09-13,648086.985906,3064
2015-09-14,566576.090061,2237
2015-09-15,540026.5340295,4409
2015-09-16,549486.073998,7352
2015-09-17,502227.433125,2430
2015-09-18,526665.464946,7666
2015-09-19,645310.636059,2410
2015-09-20,637325.656693,3067
2015-09-21,566619.163959,2325
2015-09-22,550016.8179995,4356
2015-09-23,512354.449922,7400
2015-09-24,480771.481921,2228
2015-09-25,511032.8850635,7425
2015-09-26,616456.516145,2148
2015-09-27,643358.591065,2940
2015-09-28,525490.2870092,2044
2015-09-29,508813.8841453,4134
2015-09-30,512190.324054,7147
2015-10-01,588962.467947,1986
2015-10-02,607815.166744,7477
2015-10-03,696095.200125,1763
2015-10-04,716292.440095,2575
2015-10-05,576055.389996,1714
2015-10-06,526104.713967,3761
2015-10-07,508086.336073,6938
2015-10-08,513323.837064,1931
2015-10-09,605794.359048,7516
2015-10-10,596184.621019,1707
2015-10-11,646107.957973,2539
2015-10-12,552832.4731813,1681
2015-10-13,534003.5538577,3847
2015-10-14,506774.060351,6755
2015-10-15,474635.201162,1197
2015-10-16,518703.634874,6548
2015-10-17,629798.659031,1130
2015-10-18,667623.675879,1935
2015-10-19,520585.033033,1012
2015-10-20,506569.698186,2942
2015-10-21,477608.5860333,6190
2015-10-22,446265.8929813,969
2015-10-23,491312.9682,6285
2015-10-24,557391.658921,789
2015-10-25,639599.127953,1668
2015-10-26,489957.066034,731
2015-10-27,472078.720075,2902
2015-10-28,433850.4369552,6048
2015-10-29,430339.8289186,1297
2015-10-30,498130.5571987,6647
2015-10-31,619749.755878,1226
2015-11-01,546325.486037,2161
2015-11-02,492410.010132,1249
2015-11-03,663291.581986,3399
2015-11-04,568777.72196,6776
2015-11-05,469296.054907,1562
2015-11-06,496833.505057,7003
2015-11-07,573438.359157,1285
2015-11-08,632944.1739685,2242
2015-11-09,487398.328987,1363
2015-11-10,467161.3500699,3571
2015-11-11,425792.733016,6511
2015-11-12,424902.3150027,1695
2015-11-13,483990.822055,6820
2015-11-14,557424.390909,1571
2015-11-15,636959.571951,2570
2015-11-16,515381.4442175,1937
2015-11-17,500757.303059,4267
2015-11-18,458179.69095,7480
2015-11-19,465597.800301,2634
2015-11-20,522011.309251,7561
2015-11-21,571931.879656,1750
2015-11-22,619317.7949005,2678
2015-11-23,489966.806933,1777
2015-11-24,485966.994935,4177
2015-11-25,447871.81714,7397
2015-11-26,410406.986027,1864
2015-11-27,484904.6640447,7178
2015-11-28,557526.760884,1649
2015-11-29,642509.871932,2352
2015-11-30,511278.0019965,1644
2015-12-01,617783.5986407,4452
2015-12-02,554867.25184,7401
2015-12-03,494831.59499199997,1986
2015-12-04,526939.9009635,7453
2015-12-05,636049.368876,1652
2015-12-06,686211.13695,2383
2015-12-07,538268.156983,1447
2015-12-08,518334.37483,3772
2015-12-09,492783.603087,7099
2015-12-10,467580.2840246,1739
2015-12-11,524268.289819,7082
2015-12-12,579400.434291,1578
2015-12-13,648130.2983405,2376
2015-12-14,530591.707157,1325
2015-12-15,566054.962197,5563
2015-12-16,563046.893129,8833
2015-12-17,538682.267717,1692
2015-12-18,595953.147701,6887
2015-12-19,683899.3800683,1693
2015-12-20,727725.2866673,2486
2015-12-21,644330.840887,1327
2015-12-22,699160.36576,3657
2015-12-23,719976.451874,6650
2015-12-24,725087.849238,1508
2015-12-25,0.0,0
2015-12-26,640801.255766,1376
2015-12-27,573667.311168,2228
2015-12-28,562875.7187821,1020
2015-12-29,619387.529058,3516
2015-12-30,672475.539764,6382
2015-12-31,716915.994501,1350
2016-01-01,16033.394,157
2016-01-02,679811.058862,1519
2016-01-03,718679.476895,2493
2016-01-04,644921.881097,1431
2016-01-05,602475.320089,3663
2016-01-06,549297.889123,6789
2016-01-07,485862.5329418,1797
2016-01-08,516381.5401557,6862
2016-01-09,625143.314148,1440
2016-01-10,655556.39196,2375
2016-01-11,516517.197963,1234
2016-01-12,511296.200085,3540
2016-01-13,466679.308135,6723
2016-01-14,477009.42007,1842
2016-01-15,526582.443027,7371
2016-01-16,631907.885936,1945
2016-01-17,678230.266303,2698
2016-01-18,536693.961951,1911
2016-01-19,508586.38399,4480
2016-01-20,534717.925045,8276
2016-01-21,437111.53903590003,904
2016-01-22,492075.671037,6295
2016-01-23,583458.558923,847
2016-01-24,619219.8920135,1872
2016-01-25,471529.285097,731
2016-01-26,464706.387904,3023
2016-01-27,465211.15507,6324
2016-01-28,441695.8759592,2376
2016-01-29,498743.938086,7732
2016-01-30,618356.113831,1972
2016-01-31,674031.3139,2849
2016-02-01,615914.1078838,2189
2016-02-02,552508.018779,4360
2016-02-03,533658.944004,7644
2016-02-04,503027.209941,2903
2016-02-05,573762.1899877,8180
2016-02-06,642088.10405,2481
2016-02-07,487077.549994,3247
2016-02-08,430829.784074,2314
2016-02-09,484911.84216,4489
2016-02-10,518903.137851,8034
2016-02-11,496514.935075,4965
2016-02-12,519417.4558755,10149
2016-02-13,595098.8899945,4732
2016-02-14,612736.001027,5366
2016-02-15,524793.148005,4709
2016-02-16,537526.69409,5670
2016-02-17,504217.55001300003,8909
2016-02-18,476327.913149,3793
2016-02-19,513119.938121,8939
2016-02-20,604202.2672395,3532
2016-02-21,632836.2670283,4431
2016-02-22,510095.69122,3575
2016-02-23,503236.3210941,5671
2016-02-24,478754.450814,8934
2016-02-25,469564.728822,3142
2016-02-26,498591.4496649,9288
2016-02-27,622117.797029,4256
2016-02-28,640214.328801,4925
2016-02-29,527500.4378255,3446
2016-03-01,635781.747296,5772
2016-03-02,598010.046907,9340
2016-03-03,534694.6453075,3208
2016-03-04,572698.5171183,8756
2016-03-05,680309.109053,3281
2016-03-06,666971.9891855,3985
2016-03-07,554259.167119,3023
2016-03-08,506212.7318895,5065
2016-03-09,503843.7139091,8458
2016-03-10,482935.402025,3243
2016-03-11,527160.0249268,8657
2016-03-12,620845.958871,3250
2016-03-13,615656.1361495,4001
2016-03-14,538056.248105,3177
2016-03-15,548693.713759,5434
2016-03-16,536606.492692,8579
2016-03-17,498273.3669757,4732
2016-03-18,535056.6691527,9124
2016-03-19,650842.181068,3959
2016-03-20,618814.578019,4673
2016-03-21,541352.422941,3766
2016-03-22,518972.4689947,5653
2016-03-23,514143.00108,9117
2016-03-24,528545.6040025,2155
2016-03-25,473796.136062,7224
2016-03-26,536701.4839965,2012
2016-03-27,533213.276862,2884
2016-03-28,478282.4396583,2102
2016-03-29,489885.0400926,4289
2016-03-30,455048.774943,7527
2016-03-31,465473.8349607,3311
2016-04-01,627039.514075,9237
2016-04-02,699215.597929,3025
2016-04-03,694428.562001,3931
2016-04-04,551166.2310635,3124
2016-04-05,533681.577045,5328
2016-04-06,503047.1740795,8793
2016-04-07,458592.636177,2717
2016-04-08,492666.9731377,8101
2016-04-09,606798.956044,2719
2016-04-10,634276.633901,3800
2016-04-11,497695.406943,3233
2016-04-12,505865.0732615,5892
2016-04-13,483591.734049,9597
2016-04-14,485291.85494499997,3309
2016-04-15,529049.888867,8719
2016-04-16,615239.769036,3387
2016-04-17,603693.693255,3597
2016-04-18,591507.3458929,2541
2016-04-19,568727.723085,4627
2016-04-20,605345.1670389,9369
2016-04-21,564216.397168,4403
2016-04-22,562689.80699,9686
2016-04-23,650688.2816499,4547
2016-04-24,647146.679014,5465
2016-04-25,542182.065139,4582
2016-04-26,541444.7389328,6873
2016-04-27,504481.980041,11041
2016-04-28,504142.849013,6133
2016-04-29,566407.082894,13487
2016-04-30,692725.813093,8766
2016-05-01,740250.35286,9100
2016-05-02,623639.000432,8560
2016-05-03,627890.3101393,11354
2016-05-04,573316.9160987,14563
2016-05-05,540606.1489645,9184
2016-05-06,594107.4461262,15071
2016-05-07,702103.051983,8417
2016-05-08,612242.5650583,9644
2016-05-09,595475.8311339,9285
2016-05-10,568035.940981,11122
2016-05-11,533278.8960335,13498
2016-05-12,501847.3210997,8467
2016-05-13,530161.9829414,13319
2016-05-14,652651.239063,7957
2016-05-15,686556.18038,8415
2016-05-16,583893.759851,8208
2016-05-17,577312.47184,10607
2016-05-18,507497.2080407,12255
2016-05-19,503416.6842065,8595
2016-05-20,556582.0622254,13215
2016-05-21,665817.87609,8488
2016-05-22,677345.98992,9128
2016-05-23,547331.611298,7969
2016-05-24,532588.0272165,10051
2016-05-25,497196.879034,13689
2016-05-26,501247.98712299997,10051
2016-05-27,640409.111312,15328
2016-05-28,623836.845064,9910
2016-05-29,660614.927039,9881
2016-05-30,582553.488172,9804
2016-05-31,684960.2858907,11504
2016-06-01,596547.688315,12782
2016-06-02,549170.6166793,6896
2016-06-03,571081.027208,10301
2016-06-04,673093.97807,4885
2016-06-05,687713.6091,5477
2016-06-06,552546.946866,5062
2016-06-07,548809.766306,7544
2016-06-08,518510.0998651,11082
2016-06-09,482136.9119411,5802
2016-06-10,521222.81362000003,11028
2016-06-11,611684.0191645001,6145
2016-06-12,634819.350963,6534
2016-06-13,546588.263062,6387
2016-06-14,550846.9181045,9135
2016-06-15,553024.1640845,13454
2016-06-16,526748.931001,6941
2016-06-17,551576.351079,11910
2016-06-18,672805.960711,6683
2016-06-19,625181.558871,7453
2016-06-20,580560.8688971,6460
2016-06-21,568524.2790203,8838
2016-06-22,527047.9809057,12892
2016-06-23,506623.682129,6091
2016-06-24,528523.365912,11143
2016-06-25,610139.1239625,6108
2016-06-26,640448.300933,6993
2016-06-27,536771.078995,5949
2016-06-28,529600.797953,7929
2016-06-29,500523.404942,11389
2016-06-30,501642.101923,6365
2016-07-01,660545.7509605,11768
2016-07-02,721119.951848,6043
2016-07-03,719427.983945,6691
2016-07-04,621003.304845,6100
2016-07-05,593611.450041,8417
2016-07-06,557539.651141,13717
2016-07-07,519778.4930185,5091
2016-07-08,545840.999224,11592
2016-07-09,651129.0768787,6877
2016-07-10,642068.7301359,7586
2016-07-11,553481.3690485,6557
2016-07-12,531170.915111,8314
2016-07-13,501900.8334465,11150
2016-07-14,484048.367126,5014
2016-07-15,543115.6790353,10393
2016-07-16,666291.738063,5395
2016-07-17,629300.1980328,5919
2016-07-18,569736.522022,5140
2016-07-19,543490.9612806,7311
2016-07-20,532623.913004,10656
2016-07-21,506144.78102450003,5301
2016-07-22,530055.939341,9655
2016-07-23,619973.300006,5020
2016-07-24,613028.113942,5947
2016-07-25,560745.829092,4984
2016-07-26,548636.661903,7071
2016-07-27,500601.7149837,8980
2016-07-28,485688.3353581,5340
2016-07-29,549665.3868729,10544
2016-07-30,665853.454959,5325
2016-07-31,655007.9490141,5644
2016-08-01,671905.409053,4542
2016-08-02,614566.1718893,7234
2016-08-03,557733.9590532,10675
2016-08-04,511694.709161,5386
2016-08-05,550307.1071311,10712
2016-08-06,620709.1339025,5287
2016-08-07,617402.757838,6302
2016-08-08,545391.9298228,5377
2016-08-09,529240.038035,7982
2016-08-10,507064.772112,11871
2016-08-11,509064.682945,5936
2016-08-12,557165.1981491,10800
2016-08-13,566406.6280669,5777
2016-08-14,582962.6719779,6475
2016-08-15,579743.868881,6155
2016-08-16,559932.171353,8058
2016-08-17,546118.089034,11957
2016-08-18,512353.7829386,6417
2016-08-19,540355.280816,11155
2016-08-20,619777.32384,6315
2016-08-21,626252.387939,6811
2016-08-22,551696.410843,6040
2016-08-23,546404.7379755001,8057
2016-08-24,513586.7289498,11058
2016-08-25,490020.971139,5321
2016-08-26,516878.874887,10333
2016-08-27,593314.08099,5456
2016-08-28,623284.981759,6290
2016-08-29,528594.398816,5303
2016-08-30,523056.090056,7761
2016-08-31,537356.8040452,11267
2016-09-01,592109.751925,5563
2016-09-02,621105.134642,10531
2016-09-03,690551.117918,4720
2016-09-04,668828.572033,5323
2016-09-05,604332.2940234999,4737
2016-09-06,574423.700072,6504
2016-09-07,519520.394999,9881
2016-09-08,500362.2896095,5260
2016-09-09,517961.484968,10614
2016-09-10,631535.774049,5537
2016-09-11,637553.8272663,5806
2016-09-12,536948.3231265,5300
2016-09-13,512161.793974,7440
2016-09-14,469388.094976,10923
2016-09-15,506060.794986,7961
2016-09-16,555822.308466,13479
2016-09-17,640714.191008,8381
2016-09-18,647321.567894,8449
2016-09-19,529908.159976,7946
2016-09-20,541583.1669717,10258
2016-09-21,499893.264013,13621
2016-09-22,473597.110017,8760
2016-09-23,532980.7599653,13954
2016-09-24,613654.167997,8808
2016-09-25,616701.2289251,9146
2016-09-26,521939.6989937,8359
2016-09-27,507101.0150165,10555
2016-09-28,477181.0750463,13579
2016-09-29,472956.915033,8412
2016-09-30,550669.145806,13090
2016-10-01,713920.49193,6708
2016-10-02,716782.4509663,7807
2016-10-03,615035.90389,7320
2016-10-04,567769.505039,10290
2016-10-05,530539.2360211,13517
2016-10-06,509081.313158,8136
2016-10-07,560744.140327,13334
2016-10-08,631744.807831,8349
2016-10-09,684687.260908,9006
2016-10-10,572580.3809015,8397
2016-10-11,549088.116952,10933
2016-10-12,504290.653993,12995
2016-10-13,481924.9499975,8598
2016-10-14,545808.083226,13680
2016-10-15,634715.367114,8308
2016-10-16,674765.2282152,8676
2016-10-17,552693.3430015,7947
2016-10-18,538913.851023,10092
2016-10-19,504028.097973,12614
2016-10-20,501343.40607799997,7819
2016-10-21,526211.8890583,12946
2016-10-22,583161.777914,7413
2016-10-23,664586.544959,8291
2016-10-24,532099.9051983,7342
2016-10-25,518246.0289547,9658
2016-10-26,501285.4900697,17354
2016-10-27,499972.4368829,11824
2016-10-28,525761.191231,17272
2016-10-29,613752.7399995,13273
2016-10-30,643993.497008,13621
2016-10-31,531492.9239715,11944
2016-11-01,619696.057984,13595
2016-11-02,667146.747953,18520
2016-11-03,580641.2581115,11778
2016-11-04,621914.869477,16368
2016-11-05,601010.435967,11381
2016-11-06,705797.686134,12155
2016-11-07,643232.2569045,10884
2016-11-08,604759.960434,12675
2016-11-09,570116.840009,17981
2016-11-10,493779.2460247,11014
2016-11-11,561557.8621223,16414
2016-11-12,636476.759943,11268
2016-11-13,724980.426098,11621
2016-11-14,570041.073977,9304
2016-11-15,539816.9570438,11859
2016-11-16,595000.6255873,16352
2016-11-17,492164.0510159,8664
2016-11-18,533986.978222,13417
2016-11-19,632512.6370137,9493
2016-11-20,678493.927911,9975
2016-11-21,576241.227859,9548
2016-11-22,557435.586004,11998
2016-11-23,547362.036956,16984
2016-11-24,508011.5250203,10217
2016-11-25,564081.461836,15418
2016-11-26,638660.936084,10342
2016-11-27,681868.0560875,10911
2016-11-28,574582.2680537,10247
2016-11-29,541989.5412353,12309
2016-11-30,543250.293022,15583
2016-12-01,604416.521088,10566
2016-12-02,651238.592795,16766
2016-12-03,696376.743059,10608
2016-12-04,744951.7492097,11047
2016-12-05,645320.260971,10998
2016-12-06,645208.462931,13295
2016-12-07,567639.6271403,20977
2016-12-08,511211.079905,11686
2016-12-09,602585.716982,17203
2016-12-10,628403.597917,11942
2016-12-11,691095.051986,12324
2016-12-12,598898.350802,11271
2016-12-13,581049.634593,14184
2016-12-14,561309.8780675,17426
2016-12-15,556661.8078753001,12231
2016-12-16,640254.473306,17163
2016-12-17,701340.1662493,12176
2016-12-18,748208.12609,12403
2016-12-19,671296.4077987,11359
2016-12-20,707960.828032,14042
2016-12-21,736944.6660735,17389
2016-12-22,696286.820084,10672
2016-12-23,778615.3311351,16364
2016-12-24,757798.6080543,10295
2016-12-25,0.0,0
2016-12-26,707493.652898,12057
2016-12-27,636915.585118,14174
2016-12-28,681174.420848,19149
2016-12-29,682315.977835,13599
2016-12-30,759438.6439923,17850
2016-12-31,811092.016049,12824
2017-01-01,11908.500997,169
2017-01-02,770229.474834,8071
2017-01-03,742820.8838245,11506
2017-01-04,662254.525242,18187
2017-01-05,601266.2050695,7444
2017-01-06,629175.987989,14233
2017-01-07,717832.154949,8489
2017-01-08,733117.723982,9147
2017-01-09,607487.5489065,8406
2017-01-10,591375.1072609,10776
2017-01-11,561850.780065,14234
2017-01-12,512709.819004,8605
2017-01-13,601999.5740882,14333
2017-01-14,697392.454226,8932
2017-01-15,710719.737838,9245
2017-01-16,640045.281175,8701
2017-01-17,601664.367952,11011
2017-01-18,585516.9346723,15511
2017-01-19,512687.8948743,8722
2017-01-20,580077.6380875,13801
2017-01-21,708872.209905,8368
2017-01-22,701294.551954,9048
2017-01-23,633903.492125,8270
2017-01-24,599274.943781,10970
2017-01-25,559947.7399227,15619
2017-01-26,506773.0289877,7065
2017-01-27,587161.198837,12178
2017-01-28,693427.70985,7117
2017-01-29,697079.0360430001,7819
2017-01-30,564260.253037,6534
2017-01-31,636671.774925,9796
2017-02-01,677866.145874,13223
2017-02-02,595585.928915,7104
2017-02-03,636054.8759293,12468
2017-02-04,732548.608913,6860
2017-02-05,700566.088095,7241
2017-02-06,601577.709181,6616
2017-02-07,579345.994002,8947
2017-02-08,558192.179185,15686
2017-02-09,508054.761899,6493
2017-02-10,573413.6648545,11742
2017-02-11,665074.27201,6786
2017-02-12,687692.224014,7557
2017-02-13,597728.6920675,6634
2017-02-14,541693.738069,9044
2017-02-15,561548.911084,14329
2017-02-16,540812.9370671,7358
2017-02-17,602489.16779,12632
2017-02-18,697479.947003,6842
2017-02-19,624315.7490135,7912
2017-02-20,603587.4979607,6933
2017-02-21,577301.1970255,9421
2017-02-22,559830.9039027,13088
2017-02-23,563474.099156,7373
2017-02-24,639638.246952,12964
2017-02-25,729014.3178075,7403
2017-02-26,578021.221978,8051
2017-02-27,538858.436138,7154
2017-02-28,657228.3140505,9747
2017-03-01,718109.679962,15180
2017-03-02,648505.514072,8071
2017-03-03,660656.939274,14113
2017-03-04,736620.7960592,8103
2017-03-05,725487.794104,8625
2017-03-06,591391.1900905,7166
2017-03-07,589312.3409749999,9590
2017-03-08,557267.4159577,13355
2017-03-09,524814.9579832,6562
2017-03-10,620097.66085,12324
2017-03-11,682751.2850065,6537
2017-03-12,707326.707973,7277
2017-03-13,581014.889036,6331
2017-03-14,553314.1166447,8838
2017-03-15,583392.859069,12511
2017-03-16,547755.160024,6784
2017-03-17,623263.49997,13280
2017-03-18,704922.208154,7630
2017-03-19,728291.606587,8500
2017-03-20,610852.96991,7443
2017-03-21,601404.941177,10430
2017-03-22,561802.503934,13237
2017-03-23,525239.844031,6104
2017-03-24,616906.7525150001,12192
2017-03-25,693073.398887,7366
2017-03-26,696808.078706,8150
2017-03-27,608017.409042,7021
2017-03-28,590329.437877,9923
2017-03-29,582937.027033,14017
2017-03-30,523165.457997,8356
2017-03-31,645534.26888,12975
2017-04-01,758686.722259,5175
2017-04-02,691175.245898,6462
2017-04-03,603134.560029,5395
2017-04-04,627988.8040027,8201
2017-04-05,602133.594007,12044
2017-04-06,530757.545804,5970
2017-04-07,591219.646925,11381
2017-04-08,654235.380958,6039
2017-04-09,676657.322101,6794
2017-04-10,570549.344988,5538
2017-04-11,574764.741196,8511
2017-04-12,573596.075883,15015
2017-04-13,575492.367183,8907
2017-04-14,571151.262829,14154
2017-04-15,635986.845928,8923
2017-04-16,623066.537113,9435
2017-04-17,590747.7659055,8509
2017-04-18,574385.091762,10637
2017-04-19,543192.0772477,16296
2017-04-20,557573.5719027,10030
2017-04-21,617945.757872,16377
2017-04-22,656458.519889,10408
2017-04-23,708474.7328035,11422
2017-04-24,606794.545945,10889
2017-04-25,593967.152637,13441
2017-04-26,573531.8679995,17497
2017-04-27,555396.6860955,11708
2017-04-28,637814.9401025,17332
2017-04-29,719096.558941,11143
2017-04-30,706116.2079705,11966
2017-05-01,762330.129897,10010
2017-05-02,694569.207113,12670
2017-05-03,652267.097204,17178
2017-05-04,543606.013983,8656
2017-05-05,610111.086016,14507
2017-05-06,693981.678868,8648
2017-05-07,708391.486924,9182
2017-05-08,595825.170015,8247
2017-05-09,592260.006881,10977
2017-05-10,547876.894094,16401
2017-05-11,562862.100039,10205
2017-05-12,619780.006784,15534
2017-05-13,713944.135153,10188
2017-05-14,641813.7818385,11187
2017-05-15,649889.649122,9944
2017-05-16,636588.3800783,12353
2017-05-17,601032.738944,15204
2017-05-18,523450.709962,9659
2017-05-19,621137.6298677,14592
2017-05-20,689936.731933,9106
2017-05-21,711102.483229,9685
2017-05-22,608387.756826,8863
2017-05-23,604308.660982,11159
2017-05-24,557335.818126,17803
2017-05-25,531335.02791,8726
2017-05-26,690101.8701135,14802
2017-05-27,677041.225944,9103
2017-05-28,663620.402905,9617
2017-05-29,608699.808038,8878
2017-05-30,599182.4889905,11225
2017-05-31,607873.879911,13975
2017-06-01,569167.381845,2876
2017-06-02,678651.079125,12272
2017-06-03,721243.914152,7425
2017-06-04,769189.542995,8225
2017-06-05,643930.8651,7303
2017-06-06,606317.198956,9951
2017-06-07,598264.2677803,14099
2017-06-08,545077.135025,9513
2017-06-09,624578.1580699,14398
2017-06-10,668369.830045,9917
2017-06-11,678129.326877,10409
2017-06-12,592737.3439517,9539
2017-06-13,582258.193849,11999
2017-06-14,555956.3748763,16331
2017-06-15,535528.843974,9059
2017-06-16,634926.772055,14374
2017-06-17,737502.2088865,9800
2017-06-18,655754.319179,10388
2017-06-19,623761.687031,9121
2017-06-20,628216.6960395,11833
2017-06-21,571081.7169892,17507
2017-06-22,527587.1749586,10861
2017-06-23,609254.6040639,16459
2017-06-24,677040.768135,10575
2017-06-25,677963.874612,11035
2017-06-26,581553.9460665,9436
2017-06-27,564561.207913,12178
2017-06-28,535339.1330105,16756
2017-06-29,546855.135872,12546
2017-06-30,618525.5012327,16543
2017-07-01,756574.600068,10467
2017-07-02,727229.3990535,10749
2017-07-03,665984.494816,10453
2017-07-04,639309.1410137,13160
2017-07-05,595821.931116,18840
2017-07-06,549218.3089567,11787
2017-07-07,628791.935193,16999
2017-07-08,688467.9250075,11550
2017-07-09,692949.3248759999,11907
2017-07-10,608348.1430365,10835
2017-07-11,600466.744701,13221
2017-07-12,563355.7929087,16978
2017-07-13,528853.8689295,9139
2017-07-14,615788.7033933,14531
2017-07-15,681141.077075,9235
2017-07-16,658915.186023,9169
2017-07-17,634826.34215,8617
2017-07-18,595328.18294,10889
2017-07-19,552598.970078,14656
2017-07-20,572196.657857,9523
2017-07-21,623113.6572188,13869
2017-07-22,656533.682681,8235
2017-07-23,690492.186945,8900
2017-07-24,627823.896096,7871
2017-07-25,597123.512609,10113
2017-07-26,565901.528167,15683
2017-07-27,562244.4760588,7106
2017-07-28,632400.2322055,12174
2017-07-29,713464.261737,7389
2017-07-30,694523.0089517001,7793
2017-07-31,672575.6298705,7217
2017-08-01,743479.012204,8759
2017-08-02,668006.356051,12810
2017-08-03,572048.466132,6837
2017-08-04,601648.262828,12645
2017-08-05,656986.306797,7351
2017-08-06,649969.648277,7637
2017-08-07,608929.216017,7012
2017-08-08,599974.3231055,9759
2017-08-09,560368.93501,13369
2017-08-10,557804.3559697,7254
2017-08-11,603213.859022,12847
2017-08-12,571674.5100785,6971
2017-08-13,614321.485171,7970
2017-08-14,583289.2060813,6925
2017-08-15,611004.552939,9603
